{"delta_imp_amort_var18_1y3": -0.0010411146833006382, "delta_imp_amort_var34_1y3": -0.0010411146833006369, "delta_imp_aport_var13_1y3": -0.008377573087312143, "delta_imp_aport_var17_1y3": -0.0016186206400079645, "delta_imp_aport_var33_1y3": -0.0007361744088692524, "delta_imp_compra_var44_1y3": -0.0017125977527234465, "delta_imp_reemb_var13_1y3": -0.0015203168548203754, "delta_imp_reemb_var17_1y3": 0.0008680512173947084, "delta_imp_reemb_var33_1y3": -0.0007361744104648056, "delta_imp_trasp_var17_in_1y3": -0.001472377873969032, "delta_imp_trasp_var17_out_1y3": -0.0014723778740426583, "delta_imp_trasp_var33_in_1y3": -0.001646179335148701, "delta_imp_trasp_var33_out_1y3": -0.0007361744104648022, "delta_imp_venta_var44_1y3": -0.0047722425645466415, "delta_num_aport_var13_1y3": -0.00837757308725894, "delta_num_aport_var17_1y3": -0.0016186206400106672, "delta_num_aport_var33_1y3": -0.0007361744091764791, "delta_num_compra_var44_1y3": -0.0017125977527580499, "delta_num_reemb_var13_1y3": -0.0015203168548203754, "delta_num_reemb_var17_1y3": 0.0008680512173947086, "delta_num_reemb_var33_1y3": -0.0007361744104648056, "delta_num_trasp_var17_in_1y3": -0.001472377873969032, "delta_num_trasp_var17_out_1y3": -0.0014723778740426583, "delta_num_trasp_var33_in_1y3": -0.001646179335148701, "delta_num_trasp_var33_out_1y3": -0.0007361744104648022, "delta_num_venta_var44_1y3": -0.004772242564576075, "imp_amort_var18_hace3": NaN, "imp_amort_var18_ult1": -0.0008186517011916434, "imp_amort_var34_hace3": NaN, "imp_amort_var34_ult1": -0.0008937712869715747, "imp_aport_var13_hace3": -0.020979007266250158, "imp_aport_var13_ult1": -0.009317414186468613, "imp_aport_var17_hace3": -0.0009064690535795526, "imp_aport_var17_ult1": 0.0011244073931677538, "imp_aport_var33_hace3": -0.002671411164810264, "imp_aport_var33_ult1": -0.0016225839925770365, "imp_compra_var44_hace3": -0.0024615264403958764, "imp_compra_var44_ult1": -0.0011920230497824114, "imp_ent_var16_ult1": -1.7460253766297183e-05, "imp_op_var39_comer_ult1": 0.010353129575421496, "imp_op_var39_comer_ult3": 0.0035169224416893973, "imp_op_var39_efect_ult1": 0.03038026091665548, "imp_op_var39_efect_ult3": 0.02217169102025323, "imp_op_var39_ult1": 0.027416443434902505, "imp_op_var40_comer_ult1": 0.0031193869489658296, "imp_op_var40_comer_ult3": -0.0003578690699807045, "imp_op_var40_efect_ult1": 0.01922144928852695, "imp_op_var40_efect_ult3": 0.019965206754799267, "imp_op_var40_ult1": 0.0030872912147492, "imp_op_var41_comer_ult1": 0.010082404008577805, "imp_op_var41_comer_ult3": 0.0038585869783322783, "imp_op_var41_efect_ult1": 0.02947851812252822, "imp_op_var41_efect_ult3": 0.021485888881387284, "imp_op_var41_ult1": 0.02758646200026426, "imp_reemb_var13_hace3": NaN, "imp_reemb_var13_ult1": 0.001677444862427979, "imp_reemb_var17_hace3": -0.0007361744104648032, "imp_reemb_var17_ult1": 0.00890907593211065, "imp_reemb_var33_hace3": NaN, "imp_reemb_var33_ult1": -0.0007361744104648066, "imp_sal_var16_ult1": 0.0005094220620922863, "imp_trans_var37_ult1": -0.010928155905629473, "imp_trasp_var17_in_hace3": -0.0009801568973627926, "imp_trasp_var17_in_ult1": -0.0010020522439791854, "imp_trasp_var17_out_hace3": NaN, "imp_trasp_var17_out_ult1": -0.0010867719583534296, "imp_trasp_var33_in_hace3": -0.001748708558855794, "imp_trasp_var33_in_ult1": -0.0011960136398964203, "imp_trasp_var33_out_hace3": NaN, "imp_trasp_var33_out_ult1": -0.000736174410464798, "imp_var43_emit_ult1": -0.004261113825499592, "imp_var7_emit_ult1": -0.0009966446965734511, "imp_var7_recib_ult1": -0.00305224189239528, "imp_venta_var44_hace3": -0.0009467000929316941, "imp_venta_var44_ult1": -0.001465033284778904, "ind_var1": 0.00957090763396027, "ind_var10_ult1": 0.010328785675873383, "ind_var10cte_ult1": 0.00928077012691704, "ind_var12": -0.0342546889739869, "ind_var12_0": -0.03821493590236826, "ind_var13": -0.03961192773482232, "ind_var13_0": -0.039470673166269656, "ind_var13_corto": -0.03443814444504617, "ind_var13_corto_0": -0.03433671323042934, "ind_var13_largo": -0.019040467782169068, "ind_var13_largo_0": -0.01922729212560709, "ind_var13_medio": -0.0010411146833006325, "ind_var13_medio_0": -0.0010411146833006325, "ind_var14": -0.007383880693568441, "ind_var14_0": -0.020046236993624452, "ind_var17": -0.0041762143793011575, "ind_var17_0": -0.005442498400165864, "ind_var18": -0.0010411146833006334, "ind_var18_0": -0.0010411146833006334, "ind_var19": -0.00795674203175383, "ind_var1_0": 0.0016078192876507267, "ind_var2": NaN, "ind_var20": -0.010554584817499263, "ind_var20_0": -0.01225242961358178, "ind_var24": -0.03214815438464901, "ind_var24_0": -0.030300062808123272, "ind_var25": 0.0194969638491962, "ind_var25_0": 0.0194969638491962, "ind_var25_cte": 0.023350706357698356, "ind_var26": 0.019103954241323516, "ind_var26_0": 0.019103954241323516, "ind_var26_cte": 0.023538027658766753, "ind_var27": NaN, "ind_var27_0": NaN, "ind_var28": NaN, "ind_var28_0": NaN, "ind_var29": -0.0010411146833006358, "ind_var29_0": -0.0020823115452682566, "ind_var2_0": NaN, "ind_var30": -0.1498105195215866, "ind_var30_0": 0.009637532091821263, "ind_var31": -0.007855493892345867, "ind_var31_0": -0.009163031527156695, "ind_var32": -0.0005028598892445048, "ind_var32_0": -0.0005028598892445048, "ind_var32_cte": 0.002638993830983336, "ind_var33": -0.0051019433527775115, "ind_var33_0": -0.0055600432167797285, "ind_var34": -0.0010411146833006334, "ind_var34_0": -0.0010411146833006334, "ind_var37": 0.003196701490644453, "ind_var37_0": 0.003196701490644453, "ind_var37_cte": 0.0024834400374269005, "ind_var39": 0.009752839796038975, "ind_var39_0": -0.03504527878512576, "ind_var40": 0.009752839796038975, "ind_var40_0": 0.0016859565614648123, "ind_var41": NaN, "ind_var41_0": -0.034149182283882, "ind_var43_emit_ult1": -0.00684668880615203, "ind_var43_recib_ult1": -0.021107524395759417, "ind_var44": -0.0050894546565947016, "ind_var44_0": -0.005697024699868949, "ind_var46": NaN, "ind_var46_0": NaN, "ind_var5": -0.13534850220210157, "ind_var5_0": -0.032887767539956675, "ind_var6": -0.0010411146833006358, "ind_var6_0": -0.0020823115452682566, "ind_var7_emit_ult1": -0.0012751082558142494, "ind_var7_recib_ult1": 0.0011560337613095246, "ind_var8": 0.027926030196463655, "ind_var8_0": 0.04666549435362118, "ind_var9_cte_ult1": 0.0076693518611003686, "ind_var9_ult1": 0.008566911308413309, "num_aport_var13_hace3": -0.026047543090105443, "num_aport_var13_ult1": -0.008415322406778745, "num_aport_var17_hace3": -0.002977472200248275, "num_aport_var17_ult1": 0.004183537734517508, "num_aport_var33_hace3": -0.0031045631020256074, "num_aport_var33_ult1": -0.0018624564646142234, "num_compra_var44_hace3": -0.0037985050546891865, "num_compra_var44_ult1": -0.003566484589537267, "num_ent_var16_ult1": 0.007026162410258141, "num_med_var22_ult3": 0.016262269955026117, "num_med_var45_ult3": 0.0020669526035314006, "num_meses_var12_ult3": -0.03195846817532825, "num_meses_var13_corto_ult3": -0.034367326480930174, "num_meses_var13_largo_ult3": -0.01657692062633902, "num_meses_var13_medio_ult3": -0.0010411146833006325, "num_meses_var17_ult3": -0.005998873276223012, "num_meses_var29_ult3": -0.0015740440729485794, "num_meses_var33_ult3": -0.00491388182069379, "num_meses_var39_vig_ult3": -0.011169003394590682, "num_meses_var44_ult3": -0.006705935208040511, "num_meses_var5_ult3": -0.14825285370249178, "num_meses_var8_ult3": 0.025942741941408658, "num_op_var39_comer_ult1": 0.004995975427456119, "num_op_var39_comer_ult3": 0.0035320769243948986, "num_op_var39_efect_ult1": 0.021783470472849578, "num_op_var39_efect_ult3": 0.02023673311095889, "num_op_var39_hace2": 0.007185348347176049, "num_op_var39_hace3": -0.0013515233930702219, "num_op_var39_ult1": 0.011246031183984552, "num_op_var39_ult3": 0.010270906024646568, "num_op_var40_comer_ult1": -0.0014707629938524446, "num_op_var40_comer_ult3": -0.002229013179372774, "num_op_var40_efect_ult1": 0.018579288232464197, "num_op_var40_efect_ult3": 0.01835348035500584, "num_op_var40_hace2": -0.002999193477159829,